Breed Name,ADAPTABILITY LEVEL,AFFECTIONATE WITH FAMILY,BARKING LEVEL,COAT GROOMING FREQUENCY,COAT LENGTH,COAT TYPE,DROOLING LEVEL,ENERGY LEVEL,GOOD WITH OTHER DOGS,GOOD WITH YOUNG CHILDREN,MENTAL STIMULATION NEEDS,OPENNESS TO STRANGERS,PLAYFULNESS LEVEL,SHEDDING LEVEL,TRAINABILITY LEVEL,WATCHDOG/PROTECTIVE NATURE,URL
Affenpinscher,4 out of 5,3 out of 5,3 out of 5,3 out of 5,Short,Wiry,1 out of 5,3 out of 5,3 out of 5,3 out of 5,3 out of 5,5 out of 5,3 out of 5,3 out of 5,3 out of 5,3 out of 5,https://www.akc.org/dog-breeds/affenpinscher/
Afghan Hound,3 out of 5,3 out of 5,3 out of 5,4 out of 5,Long,Silky,1 out of 5,4 out of 5,3 out of 5,3 out of 5,3 out of 5,3 out of 5,3 out of 5,1 out of 5,1 out of 5,3 out of 5,https://www.akc.org/dog-breeds/afghan-hound/
Airedale Terrier,3 out of 5,3 out of 5,3 out of 5,3 out of 5,Short,Wiry,1 out of 5,3 out of 5,3 out of 5,3 out of 5,3 out of 5,3 out of 5,3 out of 5,1 out of 5,3 out of 5,5 out of 5,https://www.akc.org/dog-breeds/airedale-terrier/
Akita,3 out of 5,3 out of 5,2 out of 5,3 out of 5,Medium,Double,1 out of 5,4 out of 5,1 out of 5,3 out of 5,3 out of 5,2 out of 5,3 out of 5,3 out of 5,3 out of 5,5 out of 5,https://www.akc.org/dog-breeds/akita/
Alaskan Klee Kai,3 out of 5,3 out of 5,3 out of 5,3 out of 5,Medium,Double,1 out of 5,3 out of 5,5 out of 5,3 out of 5,3 out of 5,1 out of 5,3 out of 5,3 out of 5,3 out of 5,3 out of 5,https://www.akc.org/dog-breeds/alaskan-klee-kai/
Alaskan Malamute,3 out of 5,3 out of 5,3 out of 5,3 out of 5,Medium,Double,1 out of 5,4 out of 5,3 out of 5,3 out of 5,3 out of 5,3 out of 5,3 out of 5,3 out of 5,5 out of 5,4 out of 5,https://www.akc.org/dog-breeds/alaskan-malamute/
American Bulldog,"Lives For Routine
Highly Adaptable","Independent
Lovey-Dovey",1 out of 5,"Monthly
Daily",Short,Smooth,"Less Likely to Drool
Always Have a Towel","Couch Potato
High Energy",3 out of 5,3 out of 5,"Happy to Lounge
Needs a Job or Activity","Reserved
Everyone Is My Best Friend","Only When You Want To Play
Non-Stop",2 out of 5,4 out of 5,"What's Mine Is Yours
Vigilant",https://www.akc.org/dog-breeds/american-bulldog/
American English Coonhound,3 out of 5,3 out of 5,4 out of 5,1 out of 5,Short,Smooth,1 out of 5,4 out of 5,5 out of 5,3 out of 5,3 out of 5,3 out of 5,3 out of 5,2 out of 5,3 out of 5,3 out of 5,https://www.akc.org/dog-breeds/american-english-coonhound/
American Eskimo Dog,4 out of 5,5 out of 5,3 out of 5,3 out of 5,Medium,Double,1 out of 5,4 out of 5,3 out of 5,5 out of 5,3 out of 5,5 out of 5,3 out of 5,3 out of 5,4 out of 5,3 out of 5,https://www.akc.org/dog-breeds/american-eskimo-dog/
American Foxhound,3 out of 5,3 out of 5,5 out of 5,1 out of 5,Short,Smooth,1 out of 5,4 out of 5,5 out of 5,5 out of 5,3 out of 5,3 out of 5,3 out of 5,3 out of 5,3 out of 5,3 out of 5,https://www.akc.org/dog-breeds/american-foxhound/
Unknown,,,,,,,,,,,,,,,,,https://www.akc.org/dog-breeds/american-hairless-terrier/
American Leopard Hound,5 out of 5,3 out of 5,5 out of 5,1 out of 5,Short,Smooth,1 out of 5,4 out of 5,5 out of 5,5 out of 5,5 out of 5,1 out of 5,3 out of 5,3 out of 5,3 out of 5,5 out of 5,https://www.akc.org/dog-breeds/american-leopard-hound/
American Staffordshire Terrier,3 out of 5,5 out of 5,3 out of 5,1 out of 5,Short,Smooth,1 out of 5,3 out of 5,3 out of 5,3 out of 5,3 out of 5,4 out of 5,3 out of 5,2 out of 5,3 out of 5,5 out of 5,https://www.akc.org/dog-breeds/american-staffordshire-terrier/
American Water Spaniel,3 out of 5,3 out of 5,3 out of 5,3 out of 5,Medium,Double,1 out of 5,3 out of 5,3 out of 5,3 out of 5,3 out of 5,3 out of 5,3 out of 5,1 out of 5,5 out of 5,3 out of 5,https://www.akc.org/dog-breeds/american-water-spaniel/
Anatolian Shepherd Dog,3 out of 5,1 out of 5,3 out of 5,2 out of 5,Short,Smooth,1 out of 5,3 out of 5,3 out of 5,3 out of 5,3 out of 5,1 out of 5,3 out of 5,3 out of 5,2 out of 5,5 out of 5,https://www.akc.org/dog-breeds/anatolian-shepherd-dog/
Appenzeller Sennenhund,5 out of 5,5 out of 5,5 out of 5,3 out of 5,Short,N/A,3 out of 5,5 out of 5,5 out of 5,3 out of 5,5 out of 5,1 out of 5,3 out of 5,3 out of 5,5 out of 5,5 out of 5,https://www.akc.org/dog-breeds/appenzeller-sennenhund/
Australian Cattle Dog,3 out of 5,3 out of 5,1 out of 5,1 out of 5,Short,Smooth,1 out of 5,5 out of 5,3 out of 5,3 out of 5,4 out of 5,3 out of 5,3 out of 5,3 out of 5,4 out of 5,4 out of 5,https://www.akc.org/dog-breeds/australian-cattle-dog/
Australian Kelpie,3 out of 5,3 out of 5,1 out of 5,1 out of 5,Short,Smooth,1 out of 5,5 out of 5,3 out of 5,3 out of 5,4 out of 5,3 out of 5,3 out of 5,3 out of 5,4 out of 5,4 out of 5,https://www.akc.org/dog-breeds/australian-kelpie/
Australian Shepherd,3 out of 5,3 out of 5,3 out of 5,2 out of 5,Medium,Double,1 out of 5,5 out of 5,3 out of 5,5 out of 5,5 out of 5,3 out of 5,4 out of 5,3 out of 5,5 out of 5,3 out of 5,https://www.akc.org/dog-breeds/australian-shepherd/
Australian Stumpy Tail Cattle Dog,3 out of 5,1 out of 5,1 out of 5,3 out of 5,Short,Double,1 out of 5,5 out of 5,1 out of 5,3 out of 5,5 out of 5,1 out of 5,3 out of 5,3 out of 5,3 out of 5,3 out of 5,https://www.akc.org/dog-breeds/australian-stumpy-tail-cattle-dog/
Australian Terrier,4 out of 5,4 out of 5,3 out of 5,2 out of 5,Medium,Rough,1 out of 5,3 out of 5,3 out of 5,5 out of 5,3 out of 5,3 out of 5,3 out of 5,1 out of 5,4 out of 5,4 out of 5,https://www.akc.org/dog-breeds/australian-terrier/
Azawakh,3 out of 5,3 out of 5,1 out of 5,2 out of 5,Short,Smooth,1 out of 5,3 out of 5,3 out of 5,3 out of 5,3 out of 5,1 out of 5,3 out of 5,2 out of 5,2 out of 5,3 out of 5,https://www.akc.org/dog-breeds/azawakh/
Barbado da Terceira,5 out of 5,5 out of 5,1 out of 5,3 out of 5,Medium,N/A,1 out of 5,5 out of 5,3 out of 5,3 out of 5,5 out of 5,1 out of 5,5 out of 5,1 out of 5,5 out of 5,5 out of 5,https://www.akc.org/dog-breeds/barbado-da-terceira/
Barbet,3 out of 5,4 out of 5,3 out of 5,5 out of 5,Medium,Curly,1 out of 5,3 out of 5,3 out of 5,3 out of 5,3 out of 5,3 out of 5,3 out of 5,1 out of 5,4 out of 5,3 out of 5,https://www.akc.org/dog-breeds/barbet/
Basenji,3 out of 5,3 out of 5,1 out of 5,1 out of 5,Short,Smooth,1 out of 5,4 out of 5,3 out of 5,3 out of 5,4 out of 5,3 out of 5,3 out of 5,2 out of 5,2 out of 5,3 out of 5,https://www.akc.org/dog-breeds/basenji/
Basset Fauve de Bretagne,5 out of 5,3 out of 5,3 out of 5,1 out of 5,Medium,Wiry,1 out of 5,4 out of 5,5 out of 5,5 out of 5,5 out of 5,5 out of 5,3 out of 5,3 out of 5,1 out of 5,1 out of 5,https://www.akc.org/dog-breeds/basset-fauve-de-bretagne/
Basset Hound,3 out of 5,3 out of 5,4 out of 5,3 out of 5,Short,Smooth,4 out of 5,2 out of 5,5 out of 5,5 out of 5,3 out of 5,3 out of 5,3 out of 5,2 out of 5,3 out of 5,3 out of 5,https://www.akc.org/dog-breeds/basset-hound/
Bavarian Mountain Scent Hound,3 out of 5,3 out of 5,2 out of 5,2 out of 5,Short,Smooth,2 out of 5,4 out of 5,3 out of 5,3 out of 5,4 out of 5,3 out of 5,3 out of 5,3 out of 5,4 out of 5,3 out of 5,https://www.akc.org/dog-breeds/bavarian-mountain-scent-hound/
Beagle,4 out of 5,3 out of 5,4 out of 5,2 out of 5,Short,Smooth,1 out of 5,4 out of 5,5 out of 5,5 out of 5,4 out of 5,3 out of 5,4 out of 5,3 out of 5,3 out of 5,2 out of 5,https://www.akc.org/dog-breeds/beagle/
Bearded Collie,4 out of 5,4 out of 5,5 out of 5,4 out of 5,Long,Silky,1 out of 5,4 out of 5,5 out of 5,5 out of 5,3 out of 5,4 out of 5,4 out of 5,3 out of 5,3 out of 5,3 out of 5,https://www.akc.org/dog-breeds/bearded-collie/
Beauceron,3 out of 5,3 out of 5,3 out of 5,3 out of 5,Short,Smooth,1 out of 5,5 out of 5,3 out of 5,3 out of 5,3 out of 5,2 out of 5,3 out of 5,4 out of 5,3 out of 5,4 out of 5,https://www.akc.org/dog-breeds/beauceron/
Bedlington Terrier,3 out of 5,3 out of 5,3 out of 5,3 out of 5,Medium,Curly,1 out of 5,4 out of 5,3 out of 5,3 out of 5,3 out of 5,3 out of 5,3 out of 5,1 out of 5,3 out of 5,4 out of 5,https://www.akc.org/dog-breeds/bedlington-terrier/
Belgian Laekenois,3 out of 5,3 out of 5,3 out of 5,2 out of 5,Medium,Wiry,1 out of 5,4 out of 5,3 out of 5,3 out of 5,4 out of 5,3 out of 5,3 out of 5,3 out of 5,5 out of 5,4 out of 5,https://www.akc.org/dog-breeds/belgian-laekenois/
Belgian Malinois,3 out of 5,3 out of 5,3 out of 5,2 out of 5,Short,Smooth,1 out of 5,4 out of 5,3 out of 5,3 out of 5,4 out of 5,3 out of 5,3 out of 5,3 out of 5,5 out of 5,4 out of 5,https://www.akc.org/dog-breeds/belgian-malinois/
Belgian Sheepdog,3 out of 5,3 out of 5,3 out of 5,2 out of 5,Medium,Double,1 out of 5,4 out of 5,3 out of 5,3 out of 5,4 out of 5,3 out of 5,3 out of 5,3 out of 5,5 out of 5,4 out of 5,https://www.akc.org/dog-breeds/belgian-sheepdog/
Belgian Tervuren,3 out of 5,3 out of 5,3 out of 5,2 out of 5,Medium,Double,1 out of 5,4 out of 5,3 out of 5,3 out of 5,4 out of 5,3 out of 5,3 out of 5,3 out of 5,5 out of 5,4 out of 5,https://www.akc.org/dog-breeds/belgian-tervuren/
Bergamasco Sheepdog,3 out of 5,3 out of 5,1 out of 5,1 out of 5,Long,Corded,2 out of 5,3 out of 5,3 out of 5,3 out of 5,3 out of 5,3 out of 5,3 out of 5,1 out of 5,3 out of 5,4 out of 5,https://www.akc.org/dog-breeds/bergamasco-sheepdog/
Berger Picard,3 out of 5,3 out of 5,2 out of 5,1 out of 5,Medium,Wiry,1 out of 5,4 out of 5,3 out of 5,3 out of 5,4 out of 5,3 out of 5,3 out of 5,3 out of 5,4 out of 5,4 out of 5,https://www.akc.org/dog-breeds/berger-picard/
Bernese Mountain Dog,4 out of 5,5 out of 5,3 out of 5,3 out of 5,Medium,Double,3 out of 5,4 out of 5,5 out of 5,5 out of 5,3 out of 5,4 out of 5,4 out of 5,5 out of 5,4 out of 5,3 out of 5,https://www.akc.org/dog-breeds/bernese-mountain-dog/
Bichon Frise,4 out of 5,5 out of 5,3 out of 5,5 out of 5,Long,Double,1 out of 5,4 out of 5,5 out of 5,5 out of 5,3 out of 5,5 out of 5,4 out of 5,1 out of 5,4 out of 5,2 out of 5,https://www.akc.org/dog-breeds/bichon-frise/
Biewer Terrier,3 out of 5,5 out of 5,3 out of 5,3 out of 5,Long,Silky,1 out of 5,3 out of 5,5 out of 5,3 out of 5,3 out of 5,3 out of 5,4 out of 5,1 out of 5,3 out of 5,2 out of 5,https://www.akc.org/dog-breeds/biewer-terrier/
Black and Tan Coonhound,4 out of 5,4 out of 5,4 out of 5,2 out of 5,Short,Smooth,3 out of 5,3 out of 5,5 out of 5,5 out of 5,3 out of 5,3 out of 5,3 out of 5,3 out of 5,3 out of 5,2 out of 5,https://www.akc.org/dog-breeds/black-and-tan-coonhound/
Black Russian Terrier,4 out of 5,3 out of 5,3 out of 5,4 out of 5,Medium,Double,3 out of 5,4 out of 5,3 out of 5,3 out of 5,4 out of 5,2 out of 5,3 out of 5,3 out of 5,4 out of 5,5 out of 5,https://www.akc.org/dog-breeds/black-russian-terrier/
Bloodhound,3 out of 5,4 out of 5,5 out of 5,2 out of 5,Short,Smooth,5 out of 5,3 out of 5,3 out of 5,3 out of 5,3 out of 5,3 out of 5,3 out of 5,3 out of 5,4 out of 5,2 out of 5,https://www.akc.org/dog-breeds/bloodhound/
Blue Picardy Spaniel,5 out of 5,3 out of 5,3 out of 5,1 out of 5,N/A,N/A,1 out of 5,3 out of 5,5 out of 5,5 out of 5,1 out of 5,1 out of 5,3 out of 5,3 out of 5,5 out of 5,3 out of 5,https://www.akc.org/dog-breeds/blue-picardy-spaniel/
Bluetick Coonhound,3 out of 5,3 out of 5,4 out of 5,2 out of 5,Short,Smooth,2 out of 5,4 out of 5,5 out of 5,3 out of 5,3 out of 5,3 out of 5,3 out of 5,3 out of 5,4 out of 5,2 out of 5,https://www.akc.org/dog-breeds/bluetick-coonhound/
Boerboel,3 out of 5,5 out of 5,3 out of 5,2 out of 5,Short,Smooth,3 out of 5,3 out of 5,2 out of 5,4 out of 5,4 out of 5,3 out of 5,3 out of 5,3 out of 5,4 out of 5,5 out of 5,https://www.akc.org/dog-breeds/boerboel/
Bohemian Shepherd,4 out of 5,4 out of 5,4 out of 5,2 out of 5,Medium,Double,1 out of 5,4 out of 5,4 out of 5,4 out of 5,4 out of 5,3 out of 5,4 out of 5,3 out of 5,4 out of 5,4 out of 5,https://www.akc.org/dog-breeds/bohemian-shepherd/
Bolognese,5 out of 5,3 out of 5,1 out of 5,3 out of 5,Long,Wavy,1 out of 5,1 out of 5,3 out of 5,3 out of 5,1 out of 5,5 out of 5,1 out of 5,1 out of 5,5 out of 5,1 out of 5,https://www.akc.org/dog-breeds/bolognese/
Border Collie,5 out of 5,5 out of 5,4 out of 5,3 out of 5,Medium,Double,1 out of 5,5 out of 5,3 out of 5,3 out of 5,5 out of 5,4 out of 5,5 out of 5,3 out of 5,5 out of 5,3 out of 5,https://www.akc.org/dog-breeds/border-collie/
Border Terrier,4 out of 5,4 out of 5,3 out of 5,2 out of 5,Short,Wiry,1 out of 5,3 out of 5,3 out of 5,5 out of 5,3 out of 5,4 out of 5,4 out of 5,2 out of 5,4 out of 5,3 out of 5,https://www.akc.org/dog-breeds/border-terrier/
Borzoi,3 out of 5,3 out of 5,2 out of 5,2 out of 5,Medium,Curly,1 out of 5,4 out of 5,3 out of 5,3 out of 5,4 out of 5,3 out of 5,3 out of 5,3 out of 5,2 out of 5,3 out of 5,https://www.akc.org/dog-breeds/borzoi/
Boston Terrier,3 out of 5,5 out of 5,2 out of 5,2 out of 5,Short,Smooth,1 out of 5,4 out of 5,4 out of 5,5 out of 5,3 out of 5,5 out of 5,5 out of 5,2 out of 5,4 out of 5,3 out of 5,https://www.akc.org/dog-breeds/boston-terrier/
Bouvier des Ardennes,5 out of 5,5 out of 5,5 out of 5,1 out of 5,N/A,N/A,1 out of 5,5 out of 5,3 out of 5,3 out of 5,5 out of 5,3 out of 5,3 out of 5,3 out of 5,5 out of 5,5 out of 5,https://www.akc.org/dog-breeds/bouvier-de-ardennes/
Bouvier des Flandres,3 out of 5,3 out of 5,3 out of 5,4 out of 5,Medium,Rough,2 out of 5,4 out of 5,3 out of 5,3 out of 5,3 out of 5,3 out of 5,3 out of 5,3 out of 5,4 out of 5,4 out of 5,https://www.akc.org/dog-breeds/bouvier-des-flandres/
Boxer,3 out of 5,4 out of 5,3 out of 5,2 out of 5,Short,Smooth,3 out of 5,4 out of 5,3 out of 5,5 out of 5,4 out of 5,4 out of 5,4 out of 5,2 out of 5,4 out of 5,4 out of 5,https://www.akc.org/dog-breeds/boxer/
Boykin Spaniel,4 out of 5,3 out of 5,3 out of 5,3 out of 5,Medium,Double,1 out of 5,4 out of 5,5 out of 5,5 out of 5,3 out of 5,3 out of 5,4 out of 5,3 out of 5,4 out of 5,3 out of 5,https://www.akc.org/dog-breeds/boykin-spaniel/
Unknown,,,,,,,,,,,,,,,,,https://www.akc.org/dog-breeds/bracco-italiano/
Braque du Bourbonnais,3 out of 5,3 out of 5,2 out of 5,1 out of 5,Short,Smooth,2 out of 5,4 out of 5,4 out of 5,3 out of 5,3 out of 5,3 out of 5,3 out of 5,2 out of 5,5 out of 5,3 out of 5,https://www.akc.org/dog-breeds/braque-du-bourbonnais/
Braque Francais Pyrenean,3 out of 5,3 out of 5,3 out of 5,1 out of 5,Short,Smooth,2 out of 5,5 out of 5,5 out of 5,5 out of 5,3 out of 5,3 out of 5,3 out of 5,3 out of 5,3 out of 5,3 out of 5,https://www.akc.org/dog-breeds/braque-francais-pyrenean/
Braque Saint-Germain,3 out of 5,3 out of 5,2 out of 5,3 out of 5,N/A,N/A,1 out of 5,3 out of 5,5 out of 5,5 out of 5,3 out of 5,4 out of 5,3 out of 5,3 out of 5,4 out of 5,2 out of 5,https://www.akc.org/dog-breeds/braque-saint-germain/
Brazilian Terrier,5 out of 5,5 out of 5,3 out of 5,1 out of 5,N/A,N/A,1 out of 5,5 out of 5,3 out of 5,5 out of 5,5 out of 5,1 out of 5,3 out of 5,3 out of 5,5 out of 5,5 out of 5,https://www.akc.org/dog-breeds/brazilian-terrier/
Briard,3 out of 5,3 out of 5,1 out of 5,4 out of 5,Long,Double,2 out of 5,3 out of 5,3 out of 5,3 out of 5,3 out of 5,3 out of 5,3 out of 5,1 out of 5,3 out of 5,4 out of 5,https://www.akc.org/dog-breeds/briard/
Brittany,3 out of 5,3 out of 5,3 out of 5,3 out of 5,Short,Double,1 out of 5,5 out of 5,4 out of 5,4 out of 5,4 out of 5,3 out of 5,4 out of 5,3 out of 5,5 out of 5,3 out of 5,https://www.akc.org/dog-breeds/brittany/
Broholmer,3 out of 5,3 out of 5,1 out of 5,1 out of 5,Short,Smooth,3 out of 5,2 out of 5,3 out of 5,3 out of 5,3 out of 5,3 out of 5,3 out of 5,3 out of 5,3 out of 5,4 out of 5,https://www.akc.org/dog-breeds/broholmer/
Brussels Griffon,4 out of 5,4 out of 5,4 out of 5,3 out of 5,Short,Wiry,1 out of 5,3 out of 5,3 out of 5,3 out of 5,3 out of 5,4 out of 5,4 out of 5,3 out of 5,4 out of 5,3 out of 5,https://www.akc.org/dog-breeds/brussels-griffon/
Bull Terrier,3 out of 5,4 out of 5,3 out of 5,2 out of 5,Short,Smooth,1 out of 5,4 out of 5,1 out of 5,3 out of 5,4 out of 5,4 out of 5,4 out of 5,3 out of 5,3 out of 5,3 out of 5,https://www.akc.org/dog-breeds/bull-terrier/
Bulldog,3 out of 5,4 out of 5,2 out of 5,3 out of 5,Short,Smooth,3 out of 5,3 out of 5,3 out of 5,3 out of 5,3 out of 5,4 out of 5,4 out of 5,3 out of 5,4 out of 5,3 out of 5,https://www.akc.org/dog-breeds/bulldog/
Bullmastiff,3 out of 5,4 out of 5,1 out of 5,1 out of 5,Short,Smooth,3 out of 5,4 out of 5,3 out of 5,3 out of 5,4 out of 5,3 out of 5,3 out of 5,3 out of 5,4 out of 5,5 out of 5,https://www.akc.org/dog-breeds/bullmastiff/
Cairn Terrier,3 out of 5,4 out of 5,4 out of 5,2 out of 5,Medium,Wiry,1 out of 5,3 out of 5,3 out of 5,3 out of 5,3 out of 5,3 out of 5,4 out of 5,2 out of 5,3 out of 5,4 out of 5,https://www.akc.org/dog-breeds/cairn-terrier/
Calupoh,3 out of 5,5 out of 5,3 out of 5,1 out of 5,N/A,N/A,1 out of 5,3 out of 5,5 out of 5,5 out of 5,1 out of 5,1 out of 5,3 out of 5,3 out of 5,3 out of 5,3 out of 5,https://www.akc.org/dog-breeds/calupoh/
Canaan Dog,3 out of 5,3 out of 5,5 out of 5,2 out of 5,Short,Smooth,1 out of 5,3 out of 5,3 out of 5,3 out of 5,3 out of 5,3 out of 5,3 out of 5,4 out of 5,4 out of 5,4 out of 5,https://www.akc.org/dog-breeds/canaan-dog/
Canadian Eskimo Dog,3 out of 5,3 out of 5,"Only To Alert
Very Vocal",5 out of 5,N/A,N/A,1 out of 5,5 out of 5,3 out of 5,3 out of 5,5 out of 5,5 out of 5,5 out of 5,5 out of 5,3 out of 5,1 out of 5,https://www.akc.org/dog-breeds/canadian-eskimo-dog/
Cane Corso,3 out of 5,4 out of 5,3 out of 5,1 out of 5,Short,Smooth,3 out of 5,4 out of 5,3 out of 5,3 out of 5,3 out of 5,3 out of 5,3 out of 5,2 out of 5,4 out of 5,5 out of 5,https://www.akc.org/dog-breeds/cane-corso/
Cardigan Welsh Corgi,3 out of 5,4 out of 5,5 out of 5,2 out of 5,Medium,Double,1 out of 5,4 out of 5,3 out of 5,4 out of 5,4 out of 5,4 out of 5,4 out of 5,3 out of 5,4 out of 5,3 out of 5,https://www.akc.org/dog-breeds/cardigan-welsh-corgi/
Carolina Dog,3 out of 5,3 out of 5,3 out of 5,1 out of 5,Short,Smooth,2 out of 5,3 out of 5,3 out of 5,3 out of 5,3 out of 5,3 out of 5,3 out of 5,3 out of 5,3 out of 5,3 out of 5,https://www.akc.org/dog-breeds/carolina-dog/
Catahoula Leopard Dog,3 out of 5,4 out of 5,1 out of 5,2 out of 5,Short,Smooth,2 out of 5,5 out of 5,3 out of 5,3 out of 5,4 out of 5,3 out of 5,3 out of 5,3 out of 5,4 out of 5,4 out of 5,https://www.akc.org/dog-breeds/catahoula-leopard-dog/
Caucasian Shepherd Dog,3 out of 5,3 out of 5,2 out of 5,3 out of 5,Medium,Double,4 out of 5,3 out of 5,2 out of 5,3 out of 5,3 out of 5,2 out of 5,2 out of 5,4 out of 5,3 out of 5,5 out of 5,https://www.akc.org/dog-breeds/caucasian-shepherd-dog/
Unknown,,,,,,,,,,,,,,,,,https://www.akc.org/dog-breeds/cavalier-king-charles-spaniel/
Central Asian Shepherd Dog,4 out of 5,3 out of 5,3 out of 5,1 out of 5,Medium,Double,3 out of 5,3 out of 5,3 out of 5,3 out of 5,3 out of 5,1 out of 5,3 out of 5,3 out of 5,4 out of 5,5 out of 5,https://www.akc.org/dog-breeds/central-asian-shepherd-dog/
Unknown,,,,,,,,,,,,,,,,,https://www.akc.org/dog-breeds/cesky-terrier/
Chesapeake Bay Retriever,4 out of 5,4 out of 5,3 out of 5,3 out of 5,Medium,Wiry,2 out of 5,4 out of 5,3 out of 5,3 out of 5,4 out of 5,3 out of 5,3 out of 5,3 out of 5,5 out of 5,4 out of 5,https://www.akc.org/dog-breeds/chesapeake-bay-retriever/
Chihuahua,4 out of 5,4 out of 5,5 out of 5,1 out of 5,Short,Smooth,1 out of 5,4 out of 5,3 out of 5,1 out of 5,3 out of 5,2 out of 5,4 out of 5,2 out of 5,3 out of 5,4 out of 5,https://www.akc.org/dog-breeds/chihuahua/
Chinese Crested,4 out of 5,4 out of 5,3 out of 5,2 out of 5,Short,Hairless,1 out of 5,3 out of 5,3 out of 5,3 out of 5,3 out of 5,4 out of 5,3 out of 5,1 out of 5,4 out of 5,3 out of 5,https://www.akc.org/dog-breeds/chinese-crested/
Chinese Shar-Pei,4 out of 5,4 out of 5,3 out of 5,1 out of 5,Short,Smooth,3 out of 5,3 out of 5,3 out of 5,3 out of 5,3 out of 5,3 out of 5,3 out of 5,3 out of 5,3 out of 5,4 out of 5,https://www.akc.org/dog-breeds/chinese-shar-pei/
Chinook,4 out of 5,4 out of 5,5 out of 5,3 out of 5,Medium,Smooth,1 out of 5,3 out of 5,5 out of 5,5 out of 5,3 out of 5,3 out of 5,3 out of 5,3 out of 5,4 out of 5,4 out of 5,https://www.akc.org/dog-breeds/chinook/
Chow Chow,3 out of 5,4 out of 5,1 out of 5,3 out of 5,Medium,Smooth,3 out of 5,3 out of 5,2 out of 5,3 out of 5,3 out of 5,2 out of 5,3 out of 5,3 out of 5,3 out of 5,5 out of 5,https://www.akc.org/dog-breeds/chow-chow/
Cirneco dell'Etna,4 out of 5,4 out of 5,2 out of 5,1 out of 5,Short,Smooth,"Less Likely to Drool
Always Have a Towel",3 out of 5,4 out of 5,4 out of 5,4 out of 5,4 out of 5,4 out of 5,1 out of 5,4 out of 5,3 out of 5,https://www.akc.org/dog-breeds/cirneco-delletna/
Clumber Spaniel,4 out of 5,4 out of 5,1 out of 5,2 out of 5,Medium,Wavy,4 out of 5,3 out of 5,3 out of 5,3 out of 5,3 out of 5,4 out of 5,3 out of 5,3 out of 5,4 out of 5,3 out of 5,https://www.akc.org/dog-breeds/clumber-spaniel/
Cocker Spaniel,4 out of 5,4 out of 5,3 out of 5,4 out of 5,Long,Double,2 out of 5,4 out of 5,5 out of 5,5 out of 5,3 out of 5,4 out of 5,3 out of 5,3 out of 5,4 out of 5,3 out of 5,https://www.akc.org/dog-breeds/cocker-spaniel/
Collie,4 out of 5,4 out of 5,5 out of 5,3 out of 5,Short,Smooth,2 out of 5,3 out of 5,3 out of 5,5 out of 5,3 out of 5,3 out of 5,4 out of 5,3 out of 5,4 out of 5,3 out of 5,https://www.akc.org/dog-breeds/collie/
Coton de Tulear,4 out of 5,5 out of 5,1 out of 5,4 out of 5,Long,Double,1 out of 5,3 out of 5,5 out of 5,5 out of 5,3 out of 5,5 out of 5,4 out of 5,2 out of 5,4 out of 5,3 out of 5,https://www.akc.org/dog-breeds/coton-de-tulear/
Croatian Sheepdog,2 out of 5,3 out of 5,3 out of 5,1 out of 5,Medium,Double,3 out of 5,3 out of 5,3 out of 5,3 out of 5,3 out of 5,2 out of 5,3 out of 5,2 out of 5,3 out of 5,5 out of 5,https://www.akc.org/dog-breeds/croatian-sheepdog/
Curly-Coated Retriever,4 out of 5,5 out of 5,3 out of 5,1 out of 5,Short,Double,1 out of 5,4 out of 5,3 out of 5,5 out of 5,3 out of 5,3 out of 5,4 out of 5,2 out of 5,4 out of 5,4 out of 5,https://www.akc.org/dog-breeds/curly-coated-retriever/
Czechoslovakian Vlciak,1 out of 5,5 out of 5,1 out of 5,1 out of 5,Medium,N/A,1 out of 5,5 out of 5,3 out of 5,3 out of 5,5 out of 5,1 out of 5,1 out of 5,3 out of 5,1 out of 5,5 out of 5,https://www.akc.org/dog-breeds/czechoslovakian-vlciak/
Dachshund,4 out of 5,5 out of 5,5 out of 5,2 out of 5,Short,Smooth,2 out of 5,3 out of 5,4 out of 5,3 out of 5,3 out of 5,4 out of 5,4 out of 5,2 out of 5,4 out of 5,4 out of 5,https://www.akc.org/dog-breeds/dachshund/
Dalmatian,4 out of 5,5 out of 5,3 out of 5,2 out of 5,Short,Smooth,2 out of 5,4 out of 5,3 out of 5,3 out of 5,4 out of 5,4 out of 5,4 out of 5,4 out of 5,4 out of 5,4 out of 5,https://www.akc.org/dog-breeds/dalmatian/
Dandie Dinmont Terrier,3 out of 5,4 out of 5,3 out of 5,3 out of 5,Medium,Double,1 out of 5,3 out of 5,3 out of 5,3 out of 5,3 out of 5,4 out of 5,3 out of 5,2 out of 5,4 out of 5,4 out of 5,https://www.akc.org/dog-breeds/dandie-dinmont-terrier/
Danish-Swedish Farmdog,4 out of 5,5 out of 5,3 out of 5,1 out of 5,Short,Smooth,1 out of 5,4 out of 5,5 out of 5,5 out of 5,4 out of 5,5 out of 5,4 out of 5,2 out of 5,4 out of 5,4 out of 5,https://www.akc.org/dog-breeds/danish-swedish-farmdog/
Deutscher Wachtelhund,3 out of 5,4 out of 5,3 out of 5,2 out of 5,Medium,Double,2 out of 5,3 out of 5,3 out of 5,5 out of 5,3 out of 5,3 out of 5,3 out of 5,2 out of 5,4 out of 5,3 out of 5,https://www.akc.org/dog-breeds/deutscher-wachtelhund/
Doberman Pinscher,4 out of 5,5 out of 5,3 out of 5,1 out of 5,Short,Smooth,2 out of 5,5 out of 5,3 out of 5,5 out of 5,4 out of 5,4 out of 5,4 out of 5,4 out of 5,5 out of 5,5 out of 5,https://www.akc.org/dog-breeds/doberman-pinscher/
Dogo Argentino,4 out of 5,5 out of 5,3 out of 5,1 out of 5,Short,Smooth,3 out of 5,5 out of 5,3 out of 5,3 out of 5,4 out of 5,4 out of 5,4 out of 5,4 out of 5,5 out of 5,5 out of 5,https://www.akc.org/dog-breeds/dogo-argentino/
Dogue de Bordeaux,4 out of 5,5 out of 5,3 out of 5,1 out of 5,Short,Smooth,5 out of 5,3 out of 5,3 out of 5,3 out of 5,4 out of 5,3 out of 5,3 out of 5,4 out of 5,4 out of 5,5 out of 5,https://www.akc.org/dog-breeds/dogue-de-bordeaux/
Drentsche Patrijshond,3 out of 5,3 out of 5,1 out of 5,3 out of 5,Medium,N/A,1 out of 5,3 out of 5,5 out of 5,5 out of 5,5 out of 5,3 out of 5,3 out of 5,3 out of 5,5 out of 5,1 out of 5,https://www.akc.org/dog-breeds/drentsche-patrijshond/
Drever,5 out of 5,5 out of 5,4 out of 5,1 out of 5,Short,Double,2 out of 5,4 out of 5,5 out of 5,5 out of 5,4 out of 5,4 out of 5,4 out of 5,3 out of 5,5 out of 5,3 out of 5,https://www.akc.org/dog-breeds/drever/
Dutch Shepherd,4 out of 5,5 out of 5,2 out of 5,2 out of 5,Short,Double,2 out of 5,5 out of 5,3 out of 5,3 out of 5,5 out of 5,3 out of 5,4 out of 5,3 out of 5,5 out of 5,5 out of 5,https://www.akc.org/dog-breeds/dutch-shepherd/
English Cocker Spaniel,4 out of 5,5 out of 5,3 out of 5,3 out of 5,Medium,Double,2 out of 5,3 out of 5,5 out of 5,5 out of 5,4 out of 5,4 out of 5,3 out of 5,3 out of 5,4 out of 5,3 out of 5,https://www.akc.org/dog-breeds/english-cocker-spaniel/
English Foxhound,4 out of 5,5 out of 5,5 out of 5,1 out of 5,Short,Double,2 out of 5,4 out of 5,5 out of 5,5 out of 5,4 out of 5,4 out of 5,4 out of 5,3 out of 5,4 out of 5,3 out of 5,https://www.akc.org/dog-breeds/english-foxhound/
English Setter,4 out of 5,5 out of 5,3 out of 5,3 out of 5,Medium,Double,3 out of 5,3 out of 5,4 out of 5,4 out of 5,4 out of 5,4 out of 5,4 out of 5,3 out of 5,4 out of 5,3 out of 5,https://www.akc.org/dog-breeds/english-setter/
English Springer Spaniel,4 out of 5,5 out of 5,3 out of 5,2 out of 5,Medium,Double,3 out of 5,4 out of 5,4 out of 5,3 out of 5,4 out of 5,4 out of 5,4 out of 5,3 out of 5,5 out of 5,3 out of 5,https://www.akc.org/dog-breeds/english-springer-spaniel/
English Toy Spaniel,4 out of 5,5 out of 5,2 out of 5,3 out of 5,Medium,Double,2 out of 5,3 out of 5,5 out of 5,5 out of 5,3 out of 5,3 out of 5,4 out of 5,3 out of 5,3 out of 5,3 out of 5,https://www.akc.org/dog-breeds/english-toy-spaniel/
Entlebucher Mountain Dog,4 out of 5,5 out of 5,3 out of 5,1 out of 5,Short,Smooth,2 out of 5,5 out of 5,5 out of 5,3 out of 5,4 out of 5,3 out of 5,3 out of 5,3 out of 5,3 out of 5,5 out of 5,https://www.akc.org/dog-breeds/entlebucher-mountain-dog/
Estrela Mountain Dog,3 out of 5,5 out of 5,3 out of 5,2 out of 5,Long,Double,4 out of 5,3 out of 5,3 out of 5,5 out of 5,3 out of 5,2 out of 5,3 out of 5,3 out of 5,4 out of 5,5 out of 5,https://www.akc.org/dog-breeds/estrela-mountain-dog/
Eurasier,3 out of 5,4 out of 5,3 out of 5,3 out of 5,Medium,Double,2 out of 5,3 out of 5,3 out of 5,4 out of 5,4 out of 5,2 out of 5,3 out of 5,3 out of 5,4 out of 5,3 out of 5,https://www.akc.org/dog-breeds/eurasier/
Field Spaniel,4 out of 5,5 out of 5,3 out of 5,2 out of 5,Medium,Smooth,2 out of 5,3 out of 5,4 out of 5,5 out of 5,3 out of 5,4 out of 5,3 out of 5,3 out of 5,5 out of 5,3 out of 5,https://www.akc.org/dog-breeds/field-spaniel/
Finnish Lapphund,4 out of 5,5 out of 5,5 out of 5,2 out of 5,Medium,Double,2 out of 5,3 out of 5,3 out of 5,4 out of 5,3 out of 5,4 out of 5,3 out of 5,4 out of 5,4 out of 5,3 out of 5,https://www.akc.org/dog-breeds/finnish-lapphund/
Finnish Spitz,4 out of 5,5 out of 5,5 out of 5,2 out of 5,Medium,Double,2 out of 5,5 out of 5,4 out of 5,5 out of 5,4 out of 5,3 out of 5,3 out of 5,3 out of 5,3 out of 5,3 out of 5,https://www.akc.org/dog-breeds/finnish-spitz/
Flat-Coated Retriever,5 out of 5,5 out of 5,3 out of 5,2 out of 5,Medium,Smooth,2 out of 5,5 out of 5,5 out of 5,5 out of 5,4 out of 5,5 out of 5,5 out of 5,3 out of 5,5 out of 5,3 out of 5,https://www.akc.org/dog-breeds/flat-coated-retriever/
French Bulldog,5 out of 5,5 out of 5,1 out of 5,1 out of 5,Short,Smooth,3 out of 5,3 out of 5,4 out of 5,5 out of 5,3 out of 5,5 out of 5,5 out of 5,3 out of 5,4 out of 5,3 out of 5,https://www.akc.org/dog-breeds/french-bulldog/
French Spaniel,5 out of 5,5 out of 5,3 out of 5,1 out of 5,Medium,Smooth,2 out of 5,4 out of 5,5 out of 5,5 out of 5,5 out of 5,5 out of 5,4 out of 5,3 out of 5,5 out of 5,3 out of 5,https://www.akc.org/dog-breeds/french-spaniel/
German Longhaired Pointer,4 out of 5,5 out of 5,3 out of 5,1 out of 5,Medium,Double,2 out of 5,4 out of 5,4 out of 5,5 out of 5,4 out of 5,4 out of 5,4 out of 5,3 out of 5,5 out of 5,3 out of 5,https://www.akc.org/dog-breeds/german-longhaired-pointer/
German Pinscher,3 out of 5,5 out of 5,3 out of 5,1 out of 5,Short,Smooth,1 out of 5,5 out of 5,3 out of 5,3 out of 5,4 out of 5,3 out of 5,4 out of 5,3 out of 5,5 out of 5,4 out of 5,https://www.akc.org/dog-breeds/german-pinscher/
German Shepherd Dog,5 out of 5,5 out of 5,3 out of 5,2 out of 5,Medium,Double,2 out of 5,5 out of 5,3 out of 5,5 out of 5,5 out of 5,3 out of 5,4 out of 5,4 out of 5,5 out of 5,5 out of 5,https://www.akc.org/dog-breeds/german-shepherd-dog/
German Shorthaired Pointer,4 out of 5,5 out of 5,3 out of 5,2 out of 5,Short,Smooth,2 out of 5,5 out of 5,4 out of 5,5 out of 5,5 out of 5,4 out of 5,4 out of 5,3 out of 5,5 out of 5,4 out of 5,https://www.akc.org/dog-breeds/german-shorthaired-pointer/
German Spitz,4 out of 5,5 out of 5,4 out of 5,3 out of 5,N/A,N/A,1 out of 5,4 out of 5,4 out of 5,4 out of 5,4 out of 5,3 out of 5,4 out of 5,4 out of 5,4 out of 5,4 out of 5,https://www.akc.org/dog-breeds/german-spitz/
German Wirehaired Pointer,4 out of 5,5 out of 5,3 out of 5,2 out of 5,Medium,Wiry,2 out of 5,5 out of 5,3 out of 5,3 out of 5,4 out of 5,4 out of 5,4 out of 5,2 out of 5,5 out of 5,3 out of 5,https://www.akc.org/dog-breeds/german-wirehaired-pointer/
Giant Schnauzer,4 out of 5,4 out of 5,3 out of 5,4 out of 5,Medium,Wiry,2 out of 5,5 out of 5,3 out of 5,3 out of 5,5 out of 5,2 out of 5,5 out of 5,2 out of 5,3 out of 5,5 out of 5,https://www.akc.org/dog-breeds/giant-schnauzer/
Glen of Imaal Terrier,4 out of 5,5 out of 5,2 out of 5,3 out of 5,Medium,Wiry,2 out of 5,3 out of 5,3 out of 5,3 out of 5,3 out of 5,3 out of 5,3 out of 5,2 out of 5,3 out of 5,3 out of 5,https://www.akc.org/dog-breeds/glen-of-imaal-terrier/
Golden Retriever,5 out of 5,5 out of 5,1 out of 5,2 out of 5,Medium,Double,2 out of 5,3 out of 5,5 out of 5,5 out of 5,4 out of 5,5 out of 5,4 out of 5,4 out of 5,5 out of 5,3 out of 5,https://www.akc.org/dog-breeds/golden-retriever/
Gordon Setter,4 out of 5,5 out of 5,3 out of 5,2 out of 5,Medium,Double,4 out of 5,5 out of 5,3 out of 5,3 out of 5,4 out of 5,3 out of 5,3 out of 5,3 out of 5,5 out of 5,4 out of 5,https://www.akc.org/dog-breeds/gordon-setter/
Grand Basset Griffon Vendéen,4 out of 5,5 out of 5,4 out of 5,2 out of 5,Medium,Wiry,2 out of 5,5 out of 5,4 out of 5,3 out of 5,4 out of 5,5 out of 5,4 out of 5,3 out of 5,3 out of 5,3 out of 5,https://www.akc.org/dog-breeds/grand-basset-griffon-vendeen/
Great Dane,4 out of 5,5 out of 5,3 out of 5,1 out of 5,Short,Smooth,4 out of 5,4 out of 5,3 out of 5,3 out of 5,4 out of 5,3 out of 5,4 out of 5,3 out of 5,3 out of 5,5 out of 5,https://www.akc.org/dog-breeds/great-dane/
Great Pyrenees,3 out of 5,5 out of 5,3 out of 5,2 out of 5,Medium,Double,3 out of 5,3 out of 5,3 out of 5,3 out of 5,3 out of 5,3 out of 5,3 out of 5,3 out of 5,3 out of 5,5 out of 5,https://www.akc.org/dog-breeds/great-pyrenees/
Greater Swiss Mountain Dog,3 out of 5,5 out of 5,3 out of 5,2 out of 5,Short,Smooth,3 out of 5,4 out of 5,3 out of 5,5 out of 5,4 out of 5,5 out of 5,4 out of 5,3 out of 5,4 out of 5,4 out of 5,https://www.akc.org/dog-breeds/greater-swiss-mountain-dog/
Greyhound,4 out of 5,4 out of 5,3 out of 5,1 out of 5,Short,Smooth,1 out of 5,4 out of 5,4 out of 5,3 out of 5,3 out of 5,3 out of 5,3 out of 5,2 out of 5,3 out of 5,3 out of 5,https://www.akc.org/dog-breeds/greyhound/
Hamiltonstovare,3 out of 5,5 out of 5,3 out of 5,2 out of 5,Short,Smooth,2 out of 5,4 out of 5,3 out of 5,5 out of 5,4 out of 5,5 out of 5,4 out of 5,3 out of 5,4 out of 5,4 out of 5,https://www.akc.org/dog-breeds/hamiltonstovare/
Hanoverian Scenthound,3 out of 5,3 out of 5,4 out of 5,2 out of 5,Short,Smooth,2 out of 5,4 out of 5,5 out of 5,3 out of 5,3 out of 5,3 out of 5,3 out of 5,3 out of 5,4 out of 5,2 out of 5,https://www.akc.org/dog-breeds/hanoverian-scenthound/
Harrier,4 out of 5,5 out of 5,5 out of 5,1 out of 5,Short,Double,2 out of 5,4 out of 5,5 out of 5,5 out of 5,4 out of 5,4 out of 5,4 out of 5,3 out of 5,4 out of 5,3 out of 5,https://www.akc.org/dog-breeds/harrier/
Havanese,5 out of 5,5 out of 5,4 out of 5,3 out of 5,Long,Double,1 out of 5,3 out of 5,5 out of 5,5 out of 5,3 out of 5,5 out of 5,5 out of 5,2 out of 5,4 out of 5,3 out of 5,https://www.akc.org/dog-breeds/havanese/
Hokkaido,3 out of 5,5 out of 5,3 out of 5,2 out of 5,Medium,Double,2 out of 5,4 out of 5,3 out of 5,3 out of 5,4 out of 5,3 out of 5,3 out of 5,3 out of 5,4 out of 5,5 out of 5,https://www.akc.org/dog-breeds/hokkaido/
Hovawart,4 out of 5,5 out of 5,1 out of 5,2 out of 5,Medium,Double,2 out of 5,3 out of 5,4 out of 5,4 out of 5,4 out of 5,4 out of 5,4 out of 5,3 out of 5,4 out of 5,5 out of 5,https://www.akc.org/dog-breeds/hovawart/
Ibizan Hound,4 out of 5,5 out of 5,3 out of 5,1 out of 5,Short,Wiry,1 out of 5,5 out of 5,5 out of 5,3 out of 5,5 out of 5,3 out of 5,4 out of 5,2 out of 5,3 out of 5,3 out of 5,https://www.akc.org/dog-breeds/ibizan-hound/
Icelandic Sheepdog,4 out of 5,5 out of 5,4 out of 5,2 out of 5,Medium,Double,2 out of 5,4 out of 5,4 out of 5,5 out of 5,5 out of 5,3 out of 5,3 out of 5,3 out of 5,5 out of 5,4 out of 5,https://www.akc.org/dog-breeds/icelandic-sheepdog/
Irish Red and White Setter,5 out of 5,5 out of 5,3 out of 5,2 out of 5,Medium,Double,2 out of 5,5 out of 5,5 out of 5,5 out of 5,3 out of 5,5 out of 5,3 out of 5,2 out of 5,5 out of 5,3 out of 5,https://www.akc.org/dog-breeds/irish-red-and-white-setter/
Irish Setter,4 out of 5,5 out of 5,3 out of 5,3 out of 5,Medium,Silky,2 out of 5,5 out of 5,5 out of 5,5 out of 5,4 out of 5,5 out of 5,5 out of 5,3 out of 5,4 out of 5,3 out of 5,https://www.akc.org/dog-breeds/irish-setter/
Irish Terrier,4 out of 5,5 out of 5,3 out of 5,1 out of 5,Medium,Wiry,1 out of 5,3 out of 5,1 out of 5,5 out of 5,4 out of 5,3 out of 5,3 out of 5,2 out of 5,3 out of 5,5 out of 5,https://www.akc.org/dog-breeds/irish-terrier/
Irish Water Spaniel,4 out of 5,5 out of 5,1 out of 5,3 out of 5,Medium,Curly,2 out of 5,3 out of 5,3 out of 5,3 out of 5,4 out of 5,3 out of 5,5 out of 5,1 out of 5,5 out of 5,3 out of 5,https://www.akc.org/dog-breeds/irish-water-spaniel/
Irish Wolfhound,3 out of 5,5 out of 5,1 out of 5,2 out of 5,Medium,Wiry,2 out of 5,3 out of 5,4 out of 5,3 out of 5,3 out of 5,3 out of 5,3 out of 5,3 out of 5,3 out of 5,5 out of 5,https://www.akc.org/dog-breeds/irish-wolfhound/
Italian Greyhound,4 out of 5,5 out of 5,3 out of 5,1 out of 5,Short,Smooth,1 out of 5,3 out of 5,5 out of 5,3 out of 5,3 out of 5,5 out of 5,4 out of 5,3 out of 5,4 out of 5,3 out of 5,https://www.akc.org/dog-breeds/italian-greyhound/
Jagdterrier,3 out of 5,5 out of 5,1 out of 5,1 out of 5,Short,Wiry,1 out of 5,3 out of 5,3 out of 5,3 out of 5,4 out of 5,3 out of 5,4 out of 5,2 out of 5,3 out of 5,4 out of 5,https://www.akc.org/dog-breeds/jagdterrier/
Japanese Akitainu,3 out of 5,1 out of 5,3 out of 5,3 out of 5,Medium,Double,1 out of 5,3 out of 5,1 out of 5,3 out of 5,3 out of 5,1 out of 5,3 out of 5,5 out of 5,1 out of 5,5 out of 5,https://www.akc.org/dog-breeds/japanese-akitainu/
Japanese Chin,4 out of 5,5 out of 5,2 out of 5,2 out of 5,Medium,Silky,1 out of 5,3 out of 5,5 out of 5,3 out of 5,3 out of 5,3 out of 5,3 out of 5,3 out of 5,3 out of 5,3 out of 5,https://www.akc.org/dog-breeds/japanese-chin/
Japanese Spitz,5 out of 5,3 out of 5,3 out of 5,3 out of 5,Medium,Double,1 out of 5,3 out of 5,5 out of 5,5 out of 5,3 out of 5,5 out of 5,3 out of 5,3 out of 5,5 out of 5,3 out of 5,https://www.akc.org/dog-breeds/japanese-spitz/
Japanese Terrier,5 out of 5,3 out of 5,1 out of 5,2 out of 5,N/A,N/A,1 out of 5,3 out of 5,3 out of 5,3 out of 5,3 out of 5,3 out of 5,3 out of 5,3 out of 5,1 out of 5,5 out of 5,https://www.akc.org/dog-breeds/japanese-terrier/
Kai Ken,3 out of 5,5 out of 5,3 out of 5,1 out of 5,Medium,Double,1 out of 5,3 out of 5,3 out of 5,3 out of 5,3 out of 5,1 out of 5,3 out of 5,3 out of 5,3 out of 5,5 out of 5,https://www.akc.org/dog-breeds/kai-ken/
Karelian Bear Dog,3 out of 5,3 out of 5,3 out of 5,3 out of 5,Medium,Double,2 out of 5,3 out of 5,3 out of 5,1 out of 5,3 out of 5,3 out of 5,3 out of 5,3 out of 5,4 out of 5,5 out of 5,https://www.akc.org/dog-breeds/karelian-bear-dog/
Keeshond,5 out of 5,5 out of 5,4 out of 5,3 out of 5,Long,Double,2 out of 5,4 out of 5,5 out of 5,5 out of 5,4 out of 5,5 out of 5,5 out of 5,3 out of 5,5 out of 5,5 out of 5,https://www.akc.org/dog-breeds/keeshond/
Kerry Blue Terrier,3 out of 5,5 out of 5,4 out of 5,3 out of 5,Medium,Wavy,2 out of 5,4 out of 5,2 out of 5,4 out of 5,4 out of 5,3 out of 5,3 out of 5,1 out of 5,3 out of 5,5 out of 5,https://www.akc.org/dog-breeds/kerry-blue-terrier/
Kishu Ken,3 out of 5,5 out of 5,1 out of 5,1 out of 5,Short,Double,1 out of 5,3 out of 5,3 out of 5,3 out of 5,5 out of 5,5 out of 5,3 out of 5,3 out of 5,3 out of 5,3 out of 5,https://www.akc.org/dog-breeds/kishu-ken/
Komondor,3 out of 5,5 out of 5,3 out of 5,4 out of 5,Long,Corded,2 out of 5,3 out of 5,2 out of 5,3 out of 5,3 out of 5,3 out of 5,3 out of 5,1 out of 5,4 out of 5,5 out of 5,https://www.akc.org/dog-breeds/komondor/
Korean Jindo Dog,1 out of 5,3 out of 5,3 out of 5,3 out of 5,Medium,Double,1 out of 5,3 out of 5,1 out of 5,3 out of 5,3 out of 5,1 out of 5,3 out of 5,3 out of 5,3 out of 5,3 out of 5,https://www.akc.org/dog-breeds/korean-jindo-dog/
Kromfohrlander,4 out of 5,5 out of 5,3 out of 5,1 out of 5,Short,Wiry,1 out of 5,4 out of 5,3 out of 5,4 out of 5,3 out of 5,4 out of 5,4 out of 5,2 out of 5,4 out of 5,3 out of 5,https://www.akc.org/dog-breeds/kromfohrlander/
Kuvasz,4 out of 5,5 out of 5,3 out of 5,2 out of 5,Medium,Double,2 out of 5,3 out of 5,3 out of 5,3 out of 5,3 out of 5,3 out of 5,3 out of 5,3 out of 5,5 out of 5,5 out of 5,https://www.akc.org/dog-breeds/kuvasz/
Labrador Retriever,5 out of 5,5 out of 5,3 out of 5,2 out of 5,Short,Double,2 out of 5,5 out of 5,5 out of 5,5 out of 5,4 out of 5,5 out of 5,5 out of 5,4 out of 5,5 out of 5,3 out of 5,https://www.akc.org/dog-breeds/labrador-retriever/
Lagotto Romagnolo,4 out of 5,5 out of 5,2 out of 5,2 out of 5,Medium,Double,2 out of 5,4 out of 5,5 out of 5,3 out of 5,4 out of 5,4 out of 5,4 out of 5,1 out of 5,4 out of 5,3 out of 5,https://www.akc.org/dog-breeds/lagotto-romagnolo/
Lakeland Terrier,4 out of 5,5 out of 5,3 out of 5,2 out of 5,Short,Wiry,1 out of 5,3 out of 5,3 out of 5,3 out of 5,4 out of 5,3 out of 5,4 out of 5,2 out of 5,3 out of 5,3 out of 5,https://www.akc.org/dog-breeds/lakeland-terrier/
Lancashire Heeler,4 out of 5,5 out of 5,4 out of 5,1 out of 5,Short,Double,1 out of 5,4 out of 5,5 out of 5,5 out of 5,4 out of 5,4 out of 5,4 out of 5,3 out of 5,4 out of 5,3 out of 5,https://www.akc.org/dog-breeds/lancashire-heeler/
Lapponian Herder,4 out of 5,5 out of 5,4 out of 5,2 out of 5,Short,Double,2 out of 5,4 out of 5,3 out of 5,3 out of 5,4 out of 5,3 out of 5,3 out of 5,3 out of 5,4 out of 5,4 out of 5,https://www.akc.org/dog-breeds/lapponian-herder/
Large Munsterlander,3 out of 5,4 out of 5,2 out of 5,1 out of 5,N/A,N/A,2 out of 5,4 out of 5,3 out of 5,4 out of 5,4 out of 5,4 out of 5,3 out of 5,3 out of 5,5 out of 5,3 out of 5,https://www.akc.org/dog-breeds/large-munsterlander/
Leonberger,4 out of 5,5 out of 5,3 out of 5,4 out of 5,Long,Double,3 out of 5,3 out of 5,3 out of 5,5 out of 5,4 out of 5,5 out of 5,3 out of 5,4 out of 5,5 out of 5,4 out of 5,https://www.akc.org/dog-breeds/leonberger/
Lhasa Apso,5 out of 5,5 out of 5,3 out of 5,3 out of 5,Long,Silky,1 out of 5,3 out of 5,3 out of 5,3 out of 5,3 out of 5,3 out of 5,3 out of 5,1 out of 5,3 out of 5,5 out of 5,https://www.akc.org/dog-breeds/lhasa-apso/
Löwchen,4 out of 5,5 out of 5,3 out of 5,2 out of 5,Long,Wavy,1 out of 5,3 out of 5,3 out of 5,5 out of 5,3 out of 5,3 out of 5,4 out of 5,2 out of 5,4 out of 5,4 out of 5,https://www.akc.org/dog-breeds/lowchen/
Maltese,4 out of 5,5 out of 5,3 out of 5,4 out of 5,Long,Silky,1 out of 5,3 out of 5,3 out of 5,3 out of 5,3 out of 5,3 out of 5,3 out of 5,1 out of 5,3 out of 5,4 out of 5,https://www.akc.org/dog-breeds/maltese/
Manchester Terrier (Standard),4 out of 5,5 out of 5,4 out of 5,2 out of 5,Short,Smooth,1 out of 5,4 out of 5,3 out of 5,4 out of 5,3 out of 5,3 out of 5,4 out of 5,2 out of 5,4 out of 5,4 out of 5,https://www.akc.org/dog-breeds/manchester-terrier-standard/
Manchester Terrier (Toy),4 out of 5,5 out of 5,4 out of 5,2 out of 5,Short,Smooth,1 out of 5,4 out of 5,3 out of 5,4 out of 5,3 out of 5,3 out of 5,4 out of 5,2 out of 5,4 out of 5,4 out of 5,https://www.akc.org/dog-breeds/manchester-terrier-toy/
Mastiff,4 out of 5,5 out of 5,1 out of 5,1 out of 5,Short,Double,4 out of 5,3 out of 5,3 out of 5,5 out of 5,3 out of 5,3 out of 5,3 out of 5,3 out of 5,3 out of 5,5 out of 5,https://www.akc.org/dog-breeds/mastiff/
Miniature American Shepherd,4 out of 5,5 out of 5,3 out of 5,3 out of 5,Medium,Double,2 out of 5,5 out of 5,5 out of 5,5 out of 5,5 out of 5,3 out of 5,4 out of 5,3 out of 5,5 out of 5,3 out of 5,https://www.akc.org/dog-breeds/miniature-american-shepherd/
Miniature Bull Terrier,4 out of 5,5 out of 5,5 out of 5,1 out of 5,Short,Smooth,2 out of 5,4 out of 5,3 out of 5,3 out of 5,4 out of 5,3 out of 5,4 out of 5,2 out of 5,3 out of 5,4 out of 5,https://www.akc.org/dog-breeds/miniature-bull-terrier/
Miniature Pinscher,4 out of 5,5 out of 5,5 out of 5,1 out of 5,Short,Smooth,1 out of 5,5 out of 5,4 out of 5,3 out of 5,5 out of 5,3 out of 5,4 out of 5,3 out of 5,3 out of 5,5 out of 5,https://www.akc.org/dog-breeds/miniature-pinscher/
Miniature Schnauzer,5 out of 5,5 out of 5,5 out of 5,4 out of 5,Medium,Wiry,2 out of 5,3 out of 5,3 out of 5,5 out of 5,4 out of 5,3 out of 5,4 out of 5,3 out of 5,5 out of 5,4 out of 5,https://www.akc.org/dog-breeds/miniature-schnauzer/
Mountain Cur,3 out of 5,3 out of 5,5 out of 5,3 out of 5,Short,Smooth,1 out of 5,5 out of 5,3 out of 5,3 out of 5,5 out of 5,1 out of 5,5 out of 5,3 out of 5,5 out of 5,5 out of 5,https://www.akc.org/dog-breeds/mountain-cur/
Mudi,4 out of 5,5 out of 5,4 out of 5,1 out of 5,Medium,Curly,2 out of 5,5 out of 5,3 out of 5,3 out of 5,4 out of 5,3 out of 5,5 out of 5,2 out of 5,5 out of 5,4 out of 5,https://www.akc.org/dog-breeds/mudi/
Neapolitan Mastiff,3 out of 5,3 out of 5,1 out of 5,2 out of 5,Short,Smooth,5 out of 5,2 out of 5,3 out of 5,3 out of 5,3 out of 5,3 out of 5,2 out of 5,3 out of 5,3 out of 5,5 out of 5,https://www.akc.org/dog-breeds/neapolitan-mastiff/
Nederlandse Kooikerhondje,4 out of 5,5 out of 5,3 out of 5,2 out of 5,Medium,Double,2 out of 5,4 out of 5,3 out of 5,3 out of 5,4 out of 5,4 out of 5,3 out of 5,3 out of 5,5 out of 5,3 out of 5,https://www.akc.org/dog-breeds/nederlandse-kooikerhondje/
Newfoundland,4 out of 5,5 out of 5,1 out of 5,2 out of 5,Medium,Double,5 out of 5,3 out of 5,5 out of 5,5 out of 5,3 out of 5,5 out of 5,3 out of 5,3 out of 5,3 out of 5,5 out of 5,https://www.akc.org/dog-breeds/newfoundland/
Norfolk Terrier,4 out of 5,5 out of 5,4 out of 5,2 out of 5,Short,Wiry,1 out of 5,4 out of 5,3 out of 5,5 out of 5,4 out of 5,5 out of 5,4 out of 5,3 out of 5,3 out of 5,4 out of 5,https://www.akc.org/dog-breeds/norfolk-terrier/
Norrbottenspets,4 out of 5,5 out of 5,3 out of 5,2 out of 5,Short,Double,1 out of 5,4 out of 5,3 out of 5,3 out of 5,3 out of 5,3 out of 5,3 out of 5,3 out of 5,4 out of 5,3 out of 5,https://www.akc.org/dog-breeds/norrbottenspets/
Norwegian Buhund,4 out of 5,5 out of 5,4 out of 5,2 out of 5,Medium,Double,1 out of 5,4 out of 5,3 out of 5,3 out of 5,4 out of 5,3 out of 5,3 out of 5,3 out of 5,3 out of 5,4 out of 5,https://www.akc.org/dog-breeds/norwegian-buhund/
Norwegian Elkhound,4 out of 5,5 out of 5,4 out of 5,2 out of 5,Medium,Double,2 out of 5,4 out of 5,3 out of 5,3 out of 5,4 out of 5,4 out of 5,4 out of 5,3 out of 5,4 out of 5,5 out of 5,https://www.akc.org/dog-breeds/norwegian-elkhound/
Norwegian Lundehund,3 out of 5,5 out of 5,4 out of 5,2 out of 5,Short,Double,1 out of 5,3 out of 5,3 out of 5,3 out of 5,3 out of 5,3 out of 5,3 out of 5,3 out of 5,3 out of 5,3 out of 5,https://www.akc.org/dog-breeds/norwegian-lundehund/
Norwich Terrier,4 out of 5,5 out of 5,4 out of 5,2 out of 5,Short,Wiry,1 out of 5,4 out of 5,3 out of 5,5 out of 5,4 out of 5,5 out of 5,4 out of 5,3 out of 5,3 out of 5,4 out of 5,https://www.akc.org/dog-breeds/norwich-terrier/
Nova Scotia Duck Tolling Retriever,4 out of 5,5 out of 5,2 out of 5,2 out of 5,Medium,Double,2 out of 5,5 out of 5,4 out of 5,5 out of 5,4 out of 5,3 out of 5,5 out of 5,3 out of 5,5 out of 5,3 out of 5,https://www.akc.org/dog-breeds/nova-scotia-duck-tolling-retriever/
Old English Sheepdog,4 out of 5,5 out of 5,3 out of 5,4 out of 5,Long,Double,3 out of 5,3 out of 5,3 out of 5,5 out of 5,4 out of 5,3 out of 5,4 out of 5,3 out of 5,4 out of 5,4 out of 5,https://www.akc.org/dog-breeds/old-english-sheepdog/
Otterhound,4 out of 5,5 out of 5,5 out of 5,2 out of 5,Medium,Rough,3 out of 5,3 out of 5,3 out of 5,3 out of 5,3 out of 5,4 out of 5,3 out of 5,2 out of 5,4 out of 5,3 out of 5,https://www.akc.org/dog-breeds/otterhound/
Papillon,5 out of 5,5 out of 5,5 out of 5,2 out of 5,Medium,Silky,1 out of 5,4 out of 5,3 out of 5,5 out of 5,5 out of 5,5 out of 5,5 out of 5,3 out of 5,5 out of 5,4 out of 5,https://www.akc.org/dog-breeds/papillon/
Parson Russell Terrier,4 out of 5,5 out of 5,3 out of 5,2 out of 5,Short,Smooth,1 out of 5,5 out of 5,5 out of 5,3 out of 5,4 out of 5,3 out of 5,4 out of 5,2 out of 5,4 out of 5,3 out of 5,https://www.akc.org/dog-breeds/parson-russell-terrier/
Pekingese,4 out of 5,5 out of 5,1 out of 5,3 out of 5,Long,Double,1 out of 5,3 out of 5,3 out of 5,3 out of 5,3 out of 5,3 out of 5,4 out of 5,3 out of 5,3 out of 5,4 out of 5,https://www.akc.org/dog-breeds/pekingese/
Pembroke Welsh Corgi,4 out of 5,5 out of 5,4 out of 5,2 out of 5,Short,Double,1 out of 5,4 out of 5,4 out of 5,3 out of 5,4 out of 5,4 out of 5,4 out of 5,4 out of 5,4 out of 5,5 out of 5,https://www.akc.org/dog-breeds/pembroke-welsh-corgi/
Peruvian Inca Orchid,3 out of 5,5 out of 5,3 out of 5,1 out of 5,Short,Hairless,1 out of 5,4 out of 5,3 out of 5,3 out of 5,4 out of 5,3 out of 5,3 out of 5,1 out of 5,3 out of 5,3 out of 5,https://www.akc.org/dog-breeds/peruvian-inca-orchid/
Petit Basset Griffon Vendéen,4 out of 5,4 out of 5,5 out of 5,2 out of 5,Long,Rough,2 out of 5,4 out of 5,5 out of 5,5 out of 5,4 out of 5,4 out of 5,4 out of 5,2 out of 5,3 out of 5,4 out of 5,https://www.akc.org/dog-breeds/petit-basset-griffon-vendeen/
Pharaoh Hound,3 out of 5,5 out of 5,3 out of 5,2 out of 5,Short,Smooth,1 out of 5,4 out of 5,5 out of 5,3 out of 5,4 out of 5,3 out of 5,3 out of 5,3 out of 5,4 out of 5,3 out of 5,https://www.akc.org/dog-breeds/pharaoh-hound/
Plott Hound,4 out of 5,5 out of 5,4 out of 5,1 out of 5,Short,Smooth,2 out of 5,4 out of 5,5 out of 5,3 out of 5,3 out of 5,4 out of 5,3 out of 5,2 out of 5,4 out of 5,4 out of 5,https://www.akc.org/dog-breeds/plott-hound/
Pointer,4 out of 5,5 out of 5,3 out of 5,2 out of 5,Short,Smooth,2 out of 5,4 out of 5,5 out of 5,3 out of 5,4 out of 5,4 out of 5,4 out of 5,3 out of 5,5 out of 5,3 out of 5,https://www.akc.org/dog-breeds/pointer/
Polish Lowland Sheepdog,5 out of 5,5 out of 5,4 out of 5,4 out of 5,Long,Double,2 out of 5,3 out of 5,3 out of 5,3 out of 5,4 out of 5,3 out of 5,4 out of 5,2 out of 5,4 out of 5,5 out of 5,https://www.akc.org/dog-breeds/polish-lowland-sheepdog/
Unknown,,,,,,,,,,,,,,,,,https://www.akc.org/dog-breeds/pomeranian/
Pont-Audemer Spaniel,5 out of 5,5 out of 5,1 out of 5,3 out of 5,Medium,N/A,1 out of 5,3 out of 5,5 out of 5,4 out of 5,3 out of 5,3 out of 5,4 out of 5,3 out of 5,4 out of 5,1 out of 5,https://www.akc.org/dog-breeds/pont-audemer-spaniel/
Poodle (Miniature),4 out of 5,5 out of 5,4 out of 5,4 out of 5,Long,Curly,1 out of 5,4 out of 5,3 out of 5,5 out of 5,5 out of 5,5 out of 5,5 out of 5,1 out of 5,5 out of 5,3 out of 5,https://www.akc.org/dog-breeds/poodle-miniature/
Poodle (Standard),4 out of 5,5 out of 5,4 out of 5,4 out of 5,Long,Curly,1 out of 5,4 out of 5,3 out of 5,5 out of 5,5 out of 5,5 out of 5,5 out of 5,1 out of 5,5 out of 5,5 out of 5,https://www.akc.org/dog-breeds/poodle-standard/
Poodle (Toy),4 out of 5,5 out of 5,4 out of 5,4 out of 5,Long,Curly,1 out of 5,4 out of 5,3 out of 5,5 out of 5,5 out of 5,5 out of 5,5 out of 5,1 out of 5,5 out of 5,3 out of 5,https://www.akc.org/dog-breeds/poodle-toy/
Porcelaine,4 out of 5,5 out of 5,2 out of 5,1 out of 5,Short,Smooth,3 out of 5,4 out of 5,5 out of 5,5 out of 5,4 out of 5,5 out of 5,5 out of 5,3 out of 5,5 out of 5,3 out of 5,https://www.akc.org/dog-breeds/porcelaine/
Portuguese Podengo,4 out of 5,5 out of 5,3 out of 5,2 out of 5,Medium,Wiry,1 out of 5,4 out of 5,5 out of 5,5 out of 5,4 out of 5,3 out of 5,4 out of 5,3 out of 5,3 out of 5,3 out of 5,https://www.akc.org/dog-breeds/portuguese-podengo/
Portuguese Podengo Pequeno,4 out of 5,5 out of 5,3 out of 5,2 out of 5,Short,Wiry,1 out of 5,4 out of 5,5 out of 5,5 out of 5,4 out of 5,3 out of 5,4 out of 5,3 out of 5,3 out of 5,3 out of 5,https://www.akc.org/dog-breeds/portuguese-podengo-pequeno/
Portuguese Pointer,4 out of 5,5 out of 5,3 out of 5,1 out of 5,Short,Smooth,2 out of 5,5 out of 5,3 out of 5,5 out of 5,5 out of 5,4 out of 5,4 out of 5,3 out of 5,5 out of 5,3 out of 5,https://www.akc.org/dog-breeds/portuguese-pointer/
Portuguese Sheepdog,4 out of 5,5 out of 5,3 out of 5,2 out of 5,Long,Wavy,2 out of 5,4 out of 5,3 out of 5,3 out of 5,4 out of 5,3 out of 5,3 out of 5,2 out of 5,5 out of 5,5 out of 5,https://www.akc.org/dog-breeds/portuguese-sheepdog/
Portuguese Water Dog,5 out of 5,5 out of 5,3 out of 5,4 out of 5,Long,Curly,2 out of 5,5 out of 5,4 out of 5,5 out of 5,5 out of 5,4 out of 5,5 out of 5,2 out of 5,5 out of 5,4 out of 5,https://www.akc.org/dog-breeds/portuguese-water-dog/
Presa Canario,2 out of 5,2 out of 5,3 out of 5,1 out of 5,Short,Smooth,4 out of 5,2 out of 5,1 out of 5,1 out of 5,3 out of 5,1 out of 5,1 out of 5,3 out of 5,3 out of 5,5 out of 5,https://www.akc.org/dog-breeds/presa-canario/
Pudelpointer,5 out of 5,5 out of 5,3 out of 5,1 out of 5,Short,Wiry,3 out of 5,4 out of 5,3 out of 5,3 out of 5,4 out of 5,3 out of 5,3 out of 5,3 out of 5,5 out of 5,3 out of 5,https://www.akc.org/dog-breeds/pudelpointer/
Pug,5 out of 5,5 out of 5,1 out of 5,2 out of 5,Short,Smooth,1 out of 5,3 out of 5,4 out of 5,5 out of 5,3 out of 5,5 out of 5,5 out of 5,4 out of 5,4 out of 5,3 out of 5,https://www.akc.org/dog-breeds/pug/
Puli,4 out of 5,5 out of 5,3 out of 5,5 out of 5,Long,Corded,2 out of 5,3 out of 5,3 out of 5,3 out of 5,5 out of 5,3 out of 5,3 out of 5,1 out of 5,5 out of 5,5 out of 5,https://www.akc.org/dog-breeds/puli/
Pumi,4 out of 5,5 out of 5,3 out of 5,2 out of 5,Medium,Curly,2 out of 5,5 out of 5,3 out of 5,3 out of 5,5 out of 5,3 out of 5,4 out of 5,1 out of 5,5 out of 5,4 out of 5,https://www.akc.org/dog-breeds/pumi/
Pyrenean Mastiff,3 out of 5,4 out of 5,4 out of 5,3 out of 5,Medium,Double,5 out of 5,2 out of 5,4 out of 5,4 out of 5,2 out of 5,3 out of 5,3 out of 5,4 out of 5,2 out of 5,5 out of 5,https://www.akc.org/dog-breeds/pyrenean-mastiff/
Pyrenean Shepherd,4 out of 5,5 out of 5,4 out of 5,2 out of 5,Medium,Smooth,2 out of 5,5 out of 5,3 out of 5,3 out of 5,5 out of 5,3 out of 5,5 out of 5,3 out of 5,5 out of 5,5 out of 5,https://www.akc.org/dog-breeds/pyrenean-shepherd/
Rafeiro do Alentejo,5 out of 5,5 out of 5,2 out of 5,2 out of 5,Short,Double,3 out of 5,3 out of 5,3 out of 5,3 out of 5,3 out of 5,3 out of 5,3 out of 5,3 out of 5,5 out of 5,5 out of 5,https://www.akc.org/dog-breeds/rafeiro-do-alentejo/
Rat Terrier,4 out of 5,5 out of 5,3 out of 5,2 out of 5,Short,Smooth,1 out of 5,4 out of 5,3 out of 5,5 out of 5,5 out of 5,5 out of 5,5 out of 5,3 out of 5,5 out of 5,4 out of 5,https://www.akc.org/dog-breeds/rat-terrier/
Redbone Coonhound,4 out of 5,5 out of 5,4 out of 5,2 out of 5,Short,Smooth,3 out of 5,3 out of 5,5 out of 5,5 out of 5,4 out of 5,3 out of 5,3 out of 5,3 out of 5,3 out of 5,3 out of 5,https://www.akc.org/dog-breeds/redbone-coonhound/
Rhodesian Ridgeback,4 out of 5,5 out of 5,2 out of 5,2 out of 5,Short,Smooth,2 out of 5,3 out of 5,3 out of 5,5 out of 5,4 out of 5,3 out of 5,3 out of 5,3 out of 5,4 out of 5,5 out of 5,https://www.akc.org/dog-breeds/rhodesian-ridgeback/
Romanian Carpathian Shepherd,3 out of 5,3 out of 5,3 out of 5,2 out of 5,N/A,N/A,1 out of 5,2 out of 5,3 out of 5,4 out of 5,5 out of 5,3 out of 5,3 out of 5,3 out of 5,1 out of 5,5 out of 5,https://www.akc.org/dog-breeds/romanian-carpathian-shepherd/
Romanian Mioritic Shepherd Dog,3 out of 5,5 out of 5,1 out of 5,2 out of 5,Medium,Double,3 out of 5,3 out of 5,3 out of 5,5 out of 5,3 out of 5,1 out of 5,3 out of 5,2 out of 5,3 out of 5,5 out of 5,https://www.akc.org/dog-breeds/romanian-mioritic-shepherd-dog/
Rottweiler,4 out of 5,5 out of 5,1 out of 5,1 out of 5,Short,Smooth,3 out of 5,3 out of 5,3 out of 5,3 out of 5,5 out of 5,3 out of 5,4 out of 5,3 out of 5,5 out of 5,5 out of 5,https://www.akc.org/dog-breeds/rottweiler/
Russell Terrier,4 out of 5,5 out of 5,4 out of 5,2 out of 5,Short,Wiry,1 out of 5,5 out of 5,5 out of 5,3 out of 5,5 out of 5,5 out of 5,5 out of 5,3 out of 5,3 out of 5,4 out of 5,https://www.akc.org/dog-breeds/russell-terrier/
Russian Toy,4 out of 5,5 out of 5,4 out of 5,2 out of 5,Short,Double,1 out of 5,3 out of 5,3 out of 5,3 out of 5,3 out of 5,3 out of 5,4 out of 5,3 out of 5,4 out of 5,4 out of 5,https://www.akc.org/dog-breeds/russian-toy/
Russian Tsvetnaya Bolonka,5 out of 5,5 out of 5,1 out of 5,3 out of 5,Medium,Wavy,1 out of 5,3 out of 5,5 out of 5,5 out of 5,1 out of 5,3 out of 5,3 out of 5,3 out of 5,5 out of 5,1 out of 5,https://www.akc.org/dog-breeds/russian-tsvetnaya-bolonka/
Saint Bernard,4 out of 5,5 out of 5,1 out of 5,2 out of 5,Short,Smooth,5 out of 5,3 out of 5,3 out of 5,5 out of 5,3 out of 5,3 out of 5,3 out of 5,3 out of 5,3 out of 5,5 out of 5,https://www.akc.org/dog-breeds/st-bernard/
Saluki,3 out of 5,5 out of 5,3 out of 5,1 out of 5,Short,Smooth,1 out of 5,4 out of 5,3 out of 5,3 out of 5,5 out of 5,3 out of 5,3 out of 5,2 out of 5,3 out of 5,1 out of 5,https://www.akc.org/dog-breeds/saluki/
Samoyed,4 out of 5,5 out of 5,5 out of 5,3 out of 5,Long,Double,1 out of 5,4 out of 5,3 out of 5,5 out of 5,4 out of 5,5 out of 5,5 out of 5,3 out of 5,4 out of 5,4 out of 5,https://www.akc.org/dog-breeds/samoyed/
Schapendoes,4 out of 5,5 out of 5,3 out of 5,3 out of 5,Long,Double,2 out of 5,4 out of 5,5 out of 5,3 out of 5,4 out of 5,3 out of 5,4 out of 5,2 out of 5,5 out of 5,5 out of 5,https://www.akc.org/dog-breeds/schapendoes/
Schipperke,4 out of 5,5 out of 5,4 out of 5,2 out of 5,Short,Double,1 out of 5,3 out of 5,3 out of 5,3 out of 5,3 out of 5,3 out of 5,4 out of 5,3 out of 5,4 out of 5,5 out of 5,https://www.akc.org/dog-breeds/schipperke/
Scottish Deerhound,3 out of 5,5 out of 5,1 out of 5,1 out of 5,Medium,Wiry,1 out of 5,3 out of 5,5 out of 5,3 out of 5,3 out of 5,3 out of 5,3 out of 5,3 out of 5,3 out of 5,3 out of 5,https://www.akc.org/dog-breeds/scottish-deerhound/
Scottish Terrier,4 out of 5,5 out of 5,4 out of 5,3 out of 5,Medium,Wiry,2 out of 5,3 out of 5,2 out of 5,3 out of 5,4 out of 5,3 out of 5,4 out of 5,2 out of 5,3 out of 5,5 out of 5,https://www.akc.org/dog-breeds/scottish-terrier/
Sealyham Terrier,4 out of 5,5 out of 5,4 out of 5,3 out of 5,Medium,Wiry,1 out of 5,3 out of 5,3 out of 5,3 out of 5,4 out of 5,4 out of 5,3 out of 5,3 out of 5,4 out of 5,5 out of 5,https://www.akc.org/dog-breeds/sealyham-terrier/
Segugio Italiano,3 out of 5,3 out of 5,3 out of 5,1 out of 5,N/A,N/A,1 out of 5,3 out of 5,5 out of 5,5 out of 5,1 out of 5,1 out of 5,1 out of 5,3 out of 5,5 out of 5,5 out of 5,https://www.akc.org/dog-breeds/segugio-italiano/
Shetland Sheepdog,5 out of 5,5 out of 5,5 out of 5,3 out of 5,Long,Double,1 out of 5,4 out of 5,5 out of 5,5 out of 5,4 out of 5,2 out of 5,5 out of 5,3 out of 5,5 out of 5,5 out of 5,https://www.akc.org/dog-breeds/shetland-sheepdog/
Shiba Inu,3 out of 5,5 out of 5,3 out of 5,2 out of 5,Short,Double,1 out of 5,3 out of 5,3 out of 5,3 out of 5,4 out of 5,3 out of 5,3 out of 5,3 out of 5,2 out of 5,5 out of 5,https://www.akc.org/dog-breeds/shiba-inu/
Shih Tzu,5 out of 5,5 out of 5,3 out of 5,4 out of 5,Long,Double,1 out of 5,3 out of 5,5 out of 5,5 out of 5,3 out of 5,3 out of 5,3 out of 5,1 out of 5,4 out of 5,3 out of 5,https://www.akc.org/dog-breeds/shih-tzu/
Shikoku Ken,3 out of 5,3 out of 5,3 out of 5,3 out of 5,Short,Double,1 out of 5,3 out of 5,3 out of 5,3 out of 5,3 out of 5,3 out of 5,3 out of 5,3 out of 5,3 out of 5,3 out of 5,https://www.akc.org/dog-breeds/shikoku-ken/
Siberian Husky,4 out of 5,5 out of 5,5 out of 5,2 out of 5,Medium,Double,1 out of 5,5 out of 5,5 out of 5,5 out of 5,4 out of 5,5 out of 5,5 out of 5,4 out of 5,3 out of 5,1 out of 5,https://www.akc.org/dog-breeds/siberian-husky/
Silky Terrier,4 out of 5,5 out of 5,4 out of 5,3 out of 5,Long,Silky,1 out of 5,3 out of 5,3 out of 5,3 out of 5,3 out of 5,4 out of 5,4 out of 5,2 out of 5,4 out of 5,5 out of 5,https://www.akc.org/dog-breeds/silky-terrier/
Unknown,,,,,,,,,,,,,,,,,https://www.akc.org/dog-breeds/skye-terrier/
Sloughi,3 out of 5,4 out of 5,2 out of 5,1 out of 5,Short,Smooth,1 out of 5,4 out of 5,3 out of 5,3 out of 5,3 out of 5,2 out of 5,3 out of 5,3 out of 5,3 out of 5,2 out of 5,https://www.akc.org/dog-breeds/sloughi/
Slovakian Wirehaired Pointer,3 out of 5,5 out of 5,3 out of 5,1 out of 5,Short,Wiry,2 out of 5,4 out of 5,4 out of 5,3 out of 5,3 out of 5,3 out of 5,3 out of 5,2 out of 5,5 out of 5,3 out of 5,https://www.akc.org/dog-breeds/slovakian-wirehaired-pointer/
Slovensky Cuvac,3 out of 5,5 out of 5,1 out of 5,2 out of 5,Medium,Double,3 out of 5,3 out of 5,3 out of 5,3 out of 5,3 out of 5,2 out of 5,3 out of 5,4 out of 5,3 out of 5,5 out of 5,https://www.akc.org/dog-breeds/slovensky-cuvac/
Slovensky Kopov,3 out of 5,5 out of 5,3 out of 5,1 out of 5,Short,Rough,2 out of 5,3 out of 5,4 out of 5,3 out of 5,3 out of 5,3 out of 5,3 out of 5,3 out of 5,4 out of 5,3 out of 5,https://www.akc.org/dog-breeds/slovensky-kopov/
Small Munsterlander,3 out of 5,5 out of 5,1 out of 5,1 out of 5,Medium,Double,2 out of 5,4 out of 5,3 out of 5,4 out of 5,4 out of 5,3 out of 5,3 out of 5,3 out of 5,5 out of 5,3 out of 5,https://www.akc.org/dog-breeds/small-munsterlander/
Smooth Fox Terrier,4 out of 5,5 out of 5,5 out of 5,2 out of 5,Short,Smooth,1 out of 5,4 out of 5,3 out of 5,3 out of 5,3 out of 5,3 out of 5,4 out of 5,3 out of 5,3 out of 5,5 out of 5,https://www.akc.org/dog-breeds/smooth-fox-terrier/
Soft Coated Wheaten Terrier,3 out of 5,5 out of 5,3 out of 5,4 out of 5,Medium,Wavy,2 out of 5,4 out of 5,3 out of 5,5 out of 5,3 out of 5,3 out of 5,3 out of 5,1 out of 5,3 out of 5,3 out of 5,https://www.akc.org/dog-breeds/soft-coated-wheaten-terrier/
Spanish Mastiff,3 out of 5,5 out of 5,1 out of 5,1 out of 5,Short,Smooth,5 out of 5,3 out of 5,3 out of 5,3 out of 5,3 out of 5,3 out of 5,2 out of 5,3 out of 5,3 out of 5,5 out of 5,https://www.akc.org/dog-breeds/spanish-mastiff/
Spanish Water Dog,3 out of 5,5 out of 5,3 out of 5,4 out of 5,Medium,Corded,2 out of 5,4 out of 5,3 out of 5,4 out of 5,5 out of 5,3 out of 5,4 out of 5,1 out of 5,4 out of 5,3 out of 5,https://www.akc.org/dog-breeds/spanish-water-dog/
Spinone Italiano,3 out of 5,5 out of 5,2 out of 5,2 out of 5,Medium,Wiry,3 out of 5,3 out of 5,4 out of 5,3 out of 5,3 out of 5,3 out of 5,3 out of 5,3 out of 5,4 out of 5,3 out of 5,https://www.akc.org/dog-breeds/spinone-italiano/
Stabyhoun,3 out of 5,5 out of 5,3 out of 5,1 out of 5,Short,Smooth,2 out of 5,4 out of 5,4 out of 5,5 out of 5,4 out of 5,3 out of 5,3 out of 5,3 out of 5,5 out of 5,3 out of 5,https://www.akc.org/dog-breeds/stabyhoun/
Staffordshire Bull Terrier,5 out of 5,5 out of 5,3 out of 5,2 out of 5,Short,Smooth,2 out of 5,5 out of 5,3 out of 5,5 out of 5,4 out of 5,4 out of 5,4 out of 5,3 out of 5,5 out of 5,3 out of 5,https://www.akc.org/dog-breeds/staffordshire-bull-terrier/
Standard Schnauzer,4 out of 5,5 out of 5,3 out of 5,3 out of 5,Medium,Wiry,3 out of 5,3 out of 5,3 out of 5,5 out of 5,5 out of 5,3 out of 5,4 out of 5,1 out of 5,5 out of 5,5 out of 5,https://www.akc.org/dog-breeds/standard-schnauzer/
Sussex Spaniel,2 out of 5,5 out of 5,4 out of 5,3 out of 5,Medium,Double,3 out of 5,3 out of 5,3 out of 5,3 out of 5,3 out of 5,3 out of 5,4 out of 5,3 out of 5,3 out of 5,3 out of 5,https://www.akc.org/dog-breeds/sussex-spaniel/
Swedish Lapphund,4 out of 5,5 out of 5,4 out of 5,2 out of 5,Long,Double,2 out of 5,4 out of 5,3 out of 5,3 out of 5,4 out of 5,4 out of 5,4 out of 5,3 out of 5,5 out of 5,4 out of 5,https://www.akc.org/dog-breeds/swedish-lapphund/
Swedish Vallhund,4 out of 5,5 out of 5,3 out of 5,2 out of 5,Short,Double,2 out of 5,4 out of 5,3 out of 5,5 out of 5,4 out of 5,3 out of 5,4 out of 5,4 out of 5,4 out of 5,3 out of 5,https://www.akc.org/dog-breeds/swedish-vallhund/
Taiwan Dog,4 out of 5,5 out of 5,3 out of 5,2 out of 5,Short,Smooth,2 out of 5,5 out of 5,3 out of 5,3 out of 5,4 out of 5,3 out of 5,3 out of 5,3 out of 5,4 out of 5,5 out of 5,https://www.akc.org/dog-breeds/taiwan-dog/
Teddy Roosevelt Terrier,5 out of 5,5 out of 5,3 out of 5,1 out of 5,Short,Smooth,1 out of 5,3 out of 5,5 out of 5,5 out of 5,3 out of 5,1 out of 5,3 out of 5,3 out of 5,3 out of 5,3 out of 5,https://www.akc.org/dog-breeds/teddy-roosevelt-terrier/
Thai Bangkaew,1 out of 5,5 out of 5,1 out of 5,3 out of 5,N/A,N/A,1 out of 5,3 out of 5,3 out of 5,3 out of 5,3 out of 5,1 out of 5,3 out of 5,3 out of 5,3 out of 5,5 out of 5,https://www.akc.org/dog-breeds/thai-bangkaew/
Thai Ridgeback,1 out of 5,5 out of 5,1 out of 5,3 out of 5,N/A,N/A,1 out of 5,3 out of 5,3 out of 5,3 out of 5,4 out of 5,1 out of 5,3 out of 5,3 out of 5,3 out of 5,5 out of 5,https://www.akc.org/dog-breeds/thai-ridgeback/
Tibetan Mastiff,3 out of 5,4 out of 5,3 out of 5,3 out of 5,Medium,Double,3 out of 5,3 out of 5,3 out of 5,3 out of 5,4 out of 5,1 out of 5,3 out of 5,4 out of 5,3 out of 5,5 out of 5,https://www.akc.org/dog-breeds/tibetan-mastiff/
Tibetan Spaniel,4 out of 5,5 out of 5,3 out of 5,2 out of 5,Medium,Double,2 out of 5,3 out of 5,3 out of 5,5 out of 5,3 out of 5,4 out of 5,4 out of 5,3 out of 5,3 out of 5,4 out of 5,https://www.akc.org/dog-breeds/tibetan-spaniel/
Tibetan Terrier,4 out of 5,5 out of 5,3 out of 5,3 out of 5,Long,Double,2 out of 5,4 out of 5,3 out of 5,3 out of 5,4 out of 5,3 out of 5,3 out of 5,3 out of 5,3 out of 5,4 out of 5,https://www.akc.org/dog-breeds/tibetan-terrier/
Tornjak,3 out of 5,5 out of 5,3 out of 5,2 out of 5,Medium,Double,3 out of 5,3 out of 5,1 out of 5,3 out of 5,3 out of 5,3 out of 5,3 out of 5,4 out of 5,3 out of 5,5 out of 5,https://www.akc.org/dog-breeds/tornjak/
Tosa,3 out of 5,5 out of 5,3 out of 5,1 out of 5,Short,Smooth,3 out of 5,3 out of 5,1 out of 5,3 out of 5,4 out of 5,1 out of 5,3 out of 5,2 out of 5,3 out of 5,5 out of 5,https://www.akc.org/dog-breeds/tosa/
Toy Fox Terrier,4 out of 5,5 out of 5,4 out of 5,2 out of 5,Short,Smooth,1 out of 5,4 out of 5,3 out of 5,3 out of 5,4 out of 5,5 out of 5,4 out of 5,3 out of 5,5 out of 5,5 out of 5,https://www.akc.org/dog-breeds/toy-fox-terrier/
Unknown,,,,,,,,,,,,,,,,,https://www.akc.org/dog-breeds/transylvanian-hound/
Treeing Tennessee Brindle,3 out of 5,5 out of 5,5 out of 5,2 out of 5,Short,Smooth,3 out of 5,3 out of 5,5 out of 5,3 out of 5,4 out of 5,3 out of 5,3 out of 5,2 out of 5,3 out of 5,3 out of 5,https://www.akc.org/dog-breeds/treeing-tennessee-brindle/
Treeing Walker Coonhound,4 out of 5,5 out of 5,4 out of 5,1 out of 5,Short,Smooth,3 out of 5,5 out of 5,5 out of 5,5 out of 5,5 out of 5,3 out of 5,4 out of 5,3 out of 5,5 out of 5,3 out of 5,https://www.akc.org/dog-breeds/treeing-walker-coonhound/
Vizsla,5 out of 5,5 out of 5,3 out of 5,2 out of 5,Short,Smooth,2 out of 5,5 out of 5,4 out of 5,5 out of 5,5 out of 5,4 out of 5,5 out of 5,3 out of 5,5 out of 5,3 out of 5,https://www.akc.org/dog-breeds/vizsla/
Volpino Italiano,1 out of 5,5 out of 5,1 out of 5,1 out of 5,Long,N/A,1 out of 5,3 out of 5,3 out of 5,3 out of 5,5 out of 5,1 out of 5,3 out of 5,2 out of 5,3 out of 5,3 out of 5,https://www.akc.org/dog-breeds/volpino-italiano/
Weimaraner,4 out of 5,5 out of 5,3 out of 5,2 out of 5,Short,Smooth,2 out of 5,5 out of 5,3 out of 5,5 out of 5,5 out of 5,3 out of 5,5 out of 5,3 out of 5,5 out of 5,5 out of 5,https://www.akc.org/dog-breeds/weimaraner/
Welsh Springer Spaniel,4 out of 5,5 out of 5,3 out of 5,2 out of 5,Medium,Double,2 out of 5,4 out of 5,4 out of 5,5 out of 5,4 out of 5,1 out of 5,3 out of 5,3 out of 5,5 out of 5,3 out of 5,https://www.akc.org/dog-breeds/welsh-springer-spaniel/
Welsh Terrier,4 out of 5,5 out of 5,4 out of 5,3 out of 5,Medium,Wiry,2 out of 5,4 out of 5,3 out of 5,5 out of 5,4 out of 5,5 out of 5,4 out of 5,2 out of 5,4 out of 5,4 out of 5,https://www.akc.org/dog-breeds/welsh-terrier/
West Highland White Terrier,4 out of 5,5 out of 5,5 out of 5,3 out of 5,Medium,Double,1 out of 5,4 out of 5,3 out of 5,5 out of 5,4 out of 5,4 out of 5,5 out of 5,3 out of 5,3 out of 5,5 out of 5,https://www.akc.org/dog-breeds/west-highland-white-terrier/
Wetterhoun,"Lives For Routine
Highly Adaptable","Independent
Lovey-Dovey","Only To Alert
Very Vocal","Monthly
Daily",Medium,Curly,"Less Likely to Drool
Always Have a Towel","Couch Potato
High Energy","Not Recommended
Good With Other Dogs","Not Recommended
Good With Children","Happy to Lounge
Needs a Job or Activity","Reserved
Everyone Is My Best Friend","Only When You Want To Play
Non-Stop","No Shedding
Hair Everywhere","Self-Willed
Eager to Please","What's Mine Is Yours
Vigilant",https://www.akc.org/dog-breeds/wetterhoun/
Whippet,3 out of 5,5 out of 5,1 out of 5,1 out of 5,Short,Smooth,1 out of 5,4 out of 5,5 out of 5,5 out of 5,4 out of 5,3 out of 5,4 out of 5,2 out of 5,3 out of 5,3 out of 5,https://www.akc.org/dog-breeds/whippet/
Wire Fox Terrier,4 out of 5,5 out of 5,4 out of 5,3 out of 5,Medium,Wiry,2 out of 5,4 out of 5,3 out of 5,5 out of 5,4 out of 5,5 out of 5,4 out of 5,2 out of 5,4 out of 5,4 out of 5,https://www.akc.org/dog-breeds/wire-fox-terrier/
Wirehaired Pointing Griffon,4 out of 5,5 out of 5,3 out of 5,2 out of 5,Medium,Wiry,3 out of 5,5 out of 5,3 out of 5,5 out of 5,5 out of 5,5 out of 5,4 out of 5,3 out of 5,5 out of 5,3 out of 5,https://www.akc.org/dog-breeds/wirehaired-pointing-griffon/
Wirehaired Vizsla,4 out of 5,5 out of 5,3 out of 5,1 out of 5,Short,Wiry,2 out of 5,5 out of 5,3 out of 5,5 out of 5,5 out of 5,5 out of 5,5 out of 5,3 out of 5,5 out of 5,3 out of 5,https://www.akc.org/dog-breeds/wirehaired-vizsla/
Unknown,,,,,,,,,,,,,,,,,https://www.akc.org/dog-breeds/working-kelpie/
Xoloitzcuintli,4 out of 5,5 out of 5,3 out of 5,1 out of 5,Short,Hairless,1 out of 5,4 out of 5,3 out of 5,3 out of 5,4 out of 5,3 out of 5,4 out of 5,1 out of 5,4 out of 5,3 out of 5,https://www.akc.org/dog-breeds/xoloitzcuintli/
Yakutian Laika,4 out of 5,5 out of 5,4 out of 5,2 out of 5,Medium,Double,3 out of 5,5 out of 5,4 out of 5,5 out of 5,5 out of 5,1 out of 5,4 out of 5,4 out of 5,3 out of 5,5 out of 5,https://www.akc.org/dog-breeds/yakutian-laika/
Yorkshire Terrier,5 out of 5,5 out of 5,4 out of 5,5 out of 5,Long,Silky,1 out of 5,4 out of 5,3 out of 5,5 out of 5,4 out of 5,5 out of 5,4 out of 5,1 out of 5,4 out of 5,5 out of 5,https://www.akc.org/dog-breeds/yorkshire-terrier/
